gender,n,mean,p25,median,p75
F,1542880,577524.5964656773,301000.0,460000.0,558498.0
M,2646016,761194.487142189,380000.0,518084.0,735000.0
